{
    "statusCode": 0,
    "data": {
      "statusMessage": "done successfully",
      "pageOffset": {
        "nextOffset": "CJpqEJtYKID4l7vnpoetYDDIDg==",
        "widgetOffset": {
          "restaurantCountWidget": "",
          "inlineFacetFilter": "",
          "collectionV5RestaurantListWidget_SimRestoRelevance_food": "8",
          "collectionV5MastheadWidget": ""
        }
      },
      "cards": [
        {
          "card": {
            "card": {
              "@type": "type.googleapis.com/swiggy.gandalf.widgets.v2.CollectionMasthead",
              "collectionId": "83649",
              "title": "Biryani",
              "description": "Taste these delectable classics, delectable biryanis to make your day.",
              "imageId": "COLLECTIONS/IMAGES/MERCH/2024/7/2/e27256c3-6339-424e-aabb-a417a1b61c4b_pic",
              "aspectRatio": "3.44",
              "cta": {
                "link": "swiggy://collectionV2?collection_id=83649&tags=layout_CCS_Biryani,layout_cuisine_biryani,ads_pc_biryani,biryani",
                "type": "collectionv2"
              },
              "type": "COLLECTION_MASTHEAD_TYPE_IMAGE_WITH_TEXT",
              "count": "13 restaurants"
            }
          }
        },
        {
          "card": {
            "card": {
              "@type": "type.googleapis.com/swiggy.gandalf.widgets.v2.InlineViewFilterSortWidget",
              "sortConfigs": [
                {
                  "key": "relevance",
                  "title": "Relevance (Default)",
                  "selected": true,
                  "defaultSelection": true
                },
                {
                  "key": "deliveryTimeAsc",
                  "title": "Delivery Time"
                },
                {
                  "key": "modelBasedRatingDesc",
                  "title": "Rating"
                },
                {
                  "key": "costForTwoAsc",
                  "title": "Cost: Low to High"
                },
                {
                  "key": "costForTwoDesc",
                  "title": "Cost: High to Low"
                }
              ],
              "restaurantCount": 13,
              "facetList": [
                {
                  "label": "Veg/Non-veg",
                  "id": "isVeg",
                  "selection": "SELECT_TYPE_SINGLESELECT",
                  "facetInfo": [
                    {
                      "label": "Pure veg",
                      "id": "isVegfacetquery2",
                      "analytics": {
  
                      },
                      "openFilter": true
                    },
                    {
                      "label": "Non Veg",
                      "id": "isVegfacetquery3",
                      "analytics": {
  
                      }
                    }
                  ],
                  "viewType": "VIEW_TYPE_FLATTENED",
                  "subLabel": "Filterby"
                },
                {
                  "label": "Delivery Time",
                  "id": "deliveryTime",
                  "selection": "SELECT_TYPE_SINGLESELECT",
                  "facetInfo": [
                    {
                      "label": "Less than 45 mins",
                      "id": "deliveryTimefacetquery3",
                      "analytics": {
  
                      }
                    }
                  ],
                  "viewType": "VIEW_TYPE_FLATTENED",
                  "subLabel": "Filterby"
                },
                {
                  "label": "Cost for two",
                  "id": "costForTwo",
                  "selection": "SELECT_TYPE_MULTISELECT",
                  "facetInfo": [
                    {
                      "label": "Rs. 300-Rs. 600",
                      "id": "costForTwofacetquery3",
                      "analytics": {
  
                      },
                      "openFilter": true
                    },
                    {
                      "label": "Less than Rs. 300",
                      "id": "costForTwofacetquery5",
                      "analytics": {
  
                      },
                      "openFilter": true
                    }
                  ],
                  "viewType": "VIEW_TYPE_HALF_CARD",
                  "subLabel": "Filterby"
                }
              ]
            }
          }
        },
        {
          "card": {
            "card": {
              "@type": "type.googleapis.com/swiggy.gandalf.widgets.v2.GridWidget",
              "layout": {
                "rows": 1,
                "widgetPadding": {
                  "left": 16,
                  "right": 16
                },
                "scrollBar": {
  
                },
                "widgetTheme": {
                  "defaultMode": {
                    "backgroundColour": "#FFFFFF",
                    "theme": "THEME_TYPE_LIGHT"
                  },
                  "darkMode": {
                    "backgroundColour": "#1B3028",
                    "theme": "THEME_TYPE_DARK"
                  }
                }
              },
              "id": "restaurantCountWidget",
              "gridElements": {
                "infoWithStyle": {
                  "@type": "type.googleapis.com/swiggy.gandalf.widgets.v2.TextBoxV2",
                  "text": "Restaurants to explore",
                  "headerStyling": {
                    "textSize": 15,
                    "textColor": "text_color_highest_emphasis",
                    "textFontName": "FONT_NAME_HEADER_H5",
                    "maxLines": 1
                  }
                }
              }
            }
          }
        },
        {
          "card": {
            "card": {
              "@type": "type.googleapis.com/swiggy.presentation.food.v2.Restaurant",
              "info": {
                "id": "932398",
                "name": "Food Junction",
                "cloudinaryImageId": "RX_THUMBNAIL/IMAGES/VENDOR/2024/7/25/7257d451-163a-48be-9744-7c1ca765af35_932398.jpg",
                "locality": "Lake Town",
                "areaName": "Lake Town",
                "costForTwo": "₹200 for two",
                "cuisines": [
                  "Rajasthani"
                ],
                "avgRating": 4,
                "veg": true,
                "parentId": "10867",
                "avgRatingString": "4.0",
                "totalRatingsString": "5",
                "promoted": true,
                "adTrackingId": "cid=22122773~p=0~adgrpid=22122773#ag1~mp=SWIGGY_IN~bl=FOOD~aet=RESTAURANT~aeid=932398~eid=e19b84d2-2726-4d63-9ca4-37e237f6c5c6~srvts=1733271753093~collid=83649",
                "sla": {
                  "deliveryTime": 53,
                  "lastMileTravel": 8.8,
                  "serviceability": "SERVICEABLE",
                  "slaString": "50-55 mins",
                  "lastMileTravelString": "8.8 km",
                  "iconType": "ICON_TYPE_EMPTY"
                },
                "availability": {
                  "nextCloseTime": "2024-12-04 23:56:00",
                  "opened": true
                },
                "badges": {
                  "imageBadges": [
                    {
                      "imageId": "v1695133679/badges/Pure_Veg111.png",
                      "description": "pureveg"
                    }
                  ]
                },
                "isOpen": true,
                "aggregatedDiscountInfoV2": {
  
                },
                "type": "F",
                "badgesV2": {
                  "entityBadges": {
                    "textBased": {
  
                    },
                    "imageBased": {
                      "badgeObject": [
                        {
                          "attributes": {
                            "imageId": "v1695133679/badges/Pure_Veg111.png",
                            "description": "pureveg"
                          }
                        }
                      ]
                    },
                    "textExtendedBadges": {
  
                    }
                  }
                },
                "orderabilityCommunication": {
                  "title": {
  
                  },
                  "subTitle": {
  
                  },
                  "message": {
  
                  },
                  "customIcon": {
  
                  },
                  "commsStyling": {
  
                  }
                },
                "differentiatedUi": {
                  "displayType": "ADS_UI_DISPLAY_TYPE_ENUM_DEFAULT",
                  "differentiatedUiMediaDetails": {
                    "mediaType": "ADS_MEDIA_ENUM_IMAGE",
                    "lottie": {
  
                    },
                    "video": {
  
                    }
                  }
                },
                "reviewsSummary": {
  
                },
                "displayType": "RESTAURANT_DISPLAY_TYPE_DEFAULT",
                "isNewlyOnboarded": true,
                "restaurantOfferPresentationInfo": {
  
                },
                "externalRatings": {
                  "aggregatedRating": {
                    "rating": "--"
                  }
                },
                "ratingsDisplayPreference": "RATINGS_DISPLAY_PREFERENCE_SHOW_SWIGGY",
                "campaignId": "22122773"
              },
              "analytics": {
  
              },
              "cta": {
                "link": "swiggy://menu?restaurant_id=932398&source=collection&query=Biryani",
                "text": "RESTAURANT_MENU",
                "type": "DEEPLINK"
              },
              "widgetId": "collectionV5RestaurantListWidget_SimRestoRelevance_food"
            },
            "relevance": {
              "type": "RELEVANCE_TYPE_ON_MENU_RETURN",
              "sectionId": "MENU_RETURN_FOOD"
            }
          }
        },
        {
          "card": {
            "card": {
              "@type": "type.googleapis.com/swiggy.presentation.food.v2.Restaurant",
              "info": {
                "id": "926743",
                "name": "Desi Kitchen",
                "cloudinaryImageId": "RX_THUMBNAIL/IMAGES/VENDOR/2024/7/17/655cc95e-8bf5-4bc1-9999-a128ac862ddc_926743.jpg",
                "locality": "Kashi Nath Dutta Road",
                "areaName": "Dumdum",
                "costForTwo": "₹199 for two",
                "cuisines": [
                  "Biryani",
                  "Indian",
                  "Kebabs",
                  "Street Food",
                  "Pizzas",
                  "Pastas",
                  "Home Food",
                  "Healthy Food",
                  "Fast Food",
                  "Burgers"
                ],
                "avgRating": 2.8,
                "parentId": "3915",
                "avgRatingString": "2.8",
                "totalRatingsString": "10",
                "sla": {
                  "deliveryTime": 58,
                  "lastMileTravel": 4.3,
                  "serviceability": "SERVICEABLE",
                  "slaString": "55-60 mins",
                  "lastMileTravelString": "4.3 km",
                  "iconType": "ICON_TYPE_EMPTY"
                },
                "availability": {
                  "nextCloseTime": "2024-12-11 00:00:00",
                  "opened": true
                },
                "badges": {
  
                },
                "isOpen": true,
                "type": "F",
                "badgesV2": {
                  "entityBadges": {
                    "textBased": {
  
                    },
                    "imageBased": {
  
                    },
                    "textExtendedBadges": {
  
                    }
                  }
                },
                "aggregatedDiscountInfoV3": {
                  "header": "40% OFF",
                  "subHeader": "UPTO ₹80",
                  "logoCtx": {
                    "text": "BENEFITS"
                  }
                },
                "loyaltyDiscoverPresentationInfo": {
                  "logoCtx": {
                    "logo": "Swiggy%20One%20Lite/One_lite_vertical_logo.png"
                  },
                  "freedelMessage": "FREE DELIVERY",
                  "badgeType": "BADGE_TYPE_ONE_LITE"
                },
                "orderabilityCommunication": {
                  "title": {
  
                  },
                  "subTitle": {
  
                  },
                  "message": {
  
                  },
                  "customIcon": {
  
                  },
                  "commsStyling": {
  
                  }
                },
                "differentiatedUi": {
                  "displayType": "ADS_UI_DISPLAY_TYPE_ENUM_DEFAULT",
                  "differentiatedUiMediaDetails": {
                    "mediaType": "ADS_MEDIA_ENUM_IMAGE",
                    "lottie": {
  
                    },
                    "video": {
  
                    }
                  }
                },
                "reviewsSummary": {
  
                },
                "displayType": "RESTAURANT_DISPLAY_TYPE_DEFAULT",
                "isNewlyOnboarded": true,
                "restaurantOfferPresentationInfo": {
  
                },
                "externalRatings": {
                  "aggregatedRating": {
                    "rating": "--"
                  }
                },
                "ratingsDisplayPreference": "RATINGS_DISPLAY_PREFERENCE_SHOW_SWIGGY"
              },
              "analytics": {
  
              },
              "cta": {
                "link": "swiggy://menu?restaurant_id=926743&source=collection&query=Biryani",
                "text": "RESTAURANT_MENU",
                "type": "DEEPLINK"
              },
              "widgetId": "collectionV5RestaurantListWidget_SimRestoRelevance_food"
            },
            "relevance": {
              "type": "RELEVANCE_TYPE_ON_MENU_RETURN",
              "sectionId": "MENU_RETURN_FOOD"
            }
          }
        },
        {
          "card": {
            "card": {
              "@type": "type.googleapis.com/swiggy.presentation.food.v2.Restaurant",
              "info": {
                "id": "823913",
                "name": "China town",
                "cloudinaryImageId": "8d8e0af99cbe68fe436f8a764aec7052",
                "locality": "Bediapara",
                "areaName": "Dumdum",
                "costForTwo": "₹200 for two",
                "cuisines": [
                  "Chinese",
                  "Bengali",
                  "Indian",
                  "Tandoor",
                  "Kebabs",
                  "Street Food",
                  "Snacks",
                  "Fast Food"
                ],
                "parentId": "369370",
                "avgRatingString": "--",
                "sla": {
                  "deliveryTime": 52,
                  "lastMileTravel": 5,
                  "serviceability": "SERVICEABLE",
                  "slaString": "50-55 mins",
                  "lastMileTravelString": "5.0 km",
                  "iconType": "ICON_TYPE_EMPTY"
                },
                "availability": {
                  "nextCloseTime": "2024-12-04 23:00:00",
                  "opened": true
                },
                "badges": {
  
                },
                "isOpen": true,
                "type": "F",
                "badgesV2": {
                  "entityBadges": {
                    "textBased": {
  
                    },
                    "imageBased": {
  
                    },
                    "textExtendedBadges": {
  
                    }
                  }
                },
                "aggregatedDiscountInfoV3": {
                  "header": "10% OFF",
                  "subHeader": "UPTO ₹40",
                  "logoCtx": {
                    "text": "BENEFITS"
                  }
                },
                "loyaltyDiscoverPresentationInfo": {
                  "logoCtx": {
                    "logo": "Swiggy%20One%20Lite/One_lite_vertical_logo.png"
                  },
                  "freedelMessage": "FREE DELIVERY",
                  "badgeType": "BADGE_TYPE_ONE_LITE"
                },
                "orderabilityCommunication": {
                  "title": {
  
                  },
                  "subTitle": {
  
                  },
                  "message": {
  
                  },
                  "customIcon": {
  
                  },
                  "commsStyling": {
  
                  }
                },
                "differentiatedUi": {
                  "displayType": "ADS_UI_DISPLAY_TYPE_ENUM_DEFAULT",
                  "differentiatedUiMediaDetails": {
                    "mediaType": "ADS_MEDIA_ENUM_IMAGE",
                    "lottie": {
  
                    },
                    "video": {
  
                    }
                  }
                },
                "reviewsSummary": {
  
                },
                "displayType": "RESTAURANT_DISPLAY_TYPE_DEFAULT",
                "restaurantOfferPresentationInfo": {
  
                },
                "externalRatings": {
                  "aggregatedRating": {
                    "rating": "3.9",
                    "ratingCount": "34"
                  },
                  "source": "GOOGLE",
                  "sourceIconImageId": "v1704440323/google_ratings/rating_google_tag"
                },
                "ratingsDisplayPreference": "RATINGS_DISPLAY_PREFERENCE_SHOW_EXTERNAL"
              },
              "analytics": {
  
              },
              "cta": {
                "link": "swiggy://menu?restaurant_id=823913&source=collection&query=Biryani",
                "text": "RESTAURANT_MENU",
                "type": "DEEPLINK"
              },
              "widgetId": "collectionV5RestaurantListWidget_SimRestoRelevance_food"
            },
            "relevance": {
              "type": "RELEVANCE_TYPE_ON_MENU_RETURN",
              "sectionId": "MENU_RETURN_FOOD"
            }
          }
        },
        {
          "card": {
            "card": {
              "@type": "type.googleapis.com/swiggy.presentation.food.v2.Restaurant",
              "info": {
                "id": "907045",
                "name": "Swadisht kitchen",
                "cloudinaryImageId": "RX_THUMBNAIL/IMAGES/VENDOR/2024/6/11/cd76f5c0-6c2d-4c27-9ded-2ed52ec7f260_907045.jpg",
                "locality": "Khelath Babu Lane",
                "areaName": "Dumdum",
                "costForTwo": "₹300 for two",
                "cuisines": [
                  "Thalis",
                  "Indian"
                ],
                "avgRating": 4.5,
                "parentId": "198745",
                "avgRatingString": "4.5",
                "totalRatingsString": "8",
                "sla": {
                  "deliveryTime": 51,
                  "lastMileTravel": 6.7,
                  "serviceability": "SERVICEABLE",
                  "slaString": "50-55 mins",
                  "lastMileTravelString": "6.7 km",
                  "iconType": "ICON_TYPE_EMPTY"
                },
                "availability": {
                  "nextCloseTime": "2024-12-11 00:00:00",
                  "opened": true
                },
                "badges": {
  
                },
                "isOpen": true,
                "type": "F",
                "badgesV2": {
                  "entityBadges": {
                    "textBased": {
  
                    },
                    "imageBased": {
  
                    },
                    "textExtendedBadges": {
  
                    }
                  }
                },
                "aggregatedDiscountInfoV3": {
                  "header": "20% OFF",
                  "subHeader": "UPTO ₹50",
                  "logoCtx": {
                    "text": "BENEFITS"
                  }
                },
                "loyaltyDiscoverPresentationInfo": {
                  "logoCtx": {
                    "logo": "Swiggy%20One%20Lite/One_lite_vertical_logo.png"
                  },
                  "freedelMessage": "FREE DELIVERY",
                  "badgeType": "BADGE_TYPE_ONE_LITE"
                },
                "orderabilityCommunication": {
                  "title": {
  
                  },
                  "subTitle": {
  
                  },
                  "message": {
  
                  },
                  "customIcon": {
  
                  },
                  "commsStyling": {
  
                  }
                },
                "differentiatedUi": {
                  "displayType": "ADS_UI_DISPLAY_TYPE_ENUM_DEFAULT",
                  "differentiatedUiMediaDetails": {
                    "mediaType": "ADS_MEDIA_ENUM_IMAGE",
                    "lottie": {
  
                    },
                    "video": {
  
                    }
                  }
                },
                "reviewsSummary": {
  
                },
                "displayType": "RESTAURANT_DISPLAY_TYPE_DEFAULT",
                "isNewlyOnboarded": true,
                "restaurantOfferPresentationInfo": {
  
                },
                "externalRatings": {
                  "aggregatedRating": {
                    "rating": "--"
                  }
                },
                "ratingsDisplayPreference": "RATINGS_DISPLAY_PREFERENCE_SHOW_SWIGGY"
              },
              "analytics": {
  
              },
              "cta": {
                "link": "swiggy://menu?restaurant_id=907045&source=collection&query=Biryani",
                "text": "RESTAURANT_MENU",
                "type": "DEEPLINK"
              },
              "widgetId": "collectionV5RestaurantListWidget_SimRestoRelevance_food"
            },
            "relevance": {
              "type": "RELEVANCE_TYPE_ON_MENU_RETURN",
              "sectionId": "MENU_RETURN_FOOD"
            }
          }
        },
        {
          "card": {
            "card": {
              "@type": "type.googleapis.com/swiggy.presentation.food.v2.Restaurant",
              "info": {
                "id": "450839",
                "name": "The babar biryani",
                "cloudinaryImageId": "525aa388018e51d87093677ba87c33ef",
                "locality": "Dum Dum",
                "areaName": "Eco Park Newtown",
                "costForTwo": "₹300 for two",
                "cuisines": [
                  "Biryani",
                  "North Indian"
                ],
                "avgRating": 3.7,
                "parentId": "271127",
                "avgRatingString": "3.7",
                "totalRatingsString": "516",
                "sla": {
                  "deliveryTime": 36,
                  "lastMileTravel": 8.9,
                  "serviceability": "SERVICEABLE",
                  "slaString": "35-40 mins",
                  "lastMileTravelString": "8.9 km",
                  "iconType": "ICON_TYPE_EMPTY"
                },
                "availability": {
                  "nextCloseTime": "2024-12-04 06:00:00",
                  "opened": true
                },
                "badges": {
  
                },
                "isOpen": true,
                "aggregatedDiscountInfoV2": {
  
                },
                "type": "F",
                "badgesV2": {
                  "entityBadges": {
                    "textExtendedBadges": {
  
                    },
                    "textBased": {
  
                    },
                    "imageBased": {
  
                    }
                  }
                },
                "orderabilityCommunication": {
                  "title": {
  
                  },
                  "subTitle": {
  
                  },
                  "message": {
  
                  },
                  "customIcon": {
  
                  },
                  "commsStyling": {
  
                  }
                },
                "differentiatedUi": {
                  "displayType": "ADS_UI_DISPLAY_TYPE_ENUM_DEFAULT",
                  "differentiatedUiMediaDetails": {
                    "mediaType": "ADS_MEDIA_ENUM_IMAGE",
                    "lottie": {
  
                    },
                    "video": {
  
                    }
                  }
                },
                "reviewsSummary": {
  
                },
                "displayType": "RESTAURANT_DISPLAY_TYPE_DEFAULT",
                "restaurantOfferPresentationInfo": {
  
                },
                "externalRatings": {
                  "aggregatedRating": {
                    "rating": "--"
                  }
                },
                "ratingsDisplayPreference": "RATINGS_DISPLAY_PREFERENCE_SHOW_SWIGGY"
              },
              "analytics": {
  
              },
              "cta": {
                "link": "swiggy://menu?restaurant_id=450839&source=collection&query=Biryani",
                "text": "RESTAURANT_MENU",
                "type": "DEEPLINK"
              },
              "widgetId": "collectionV5RestaurantListWidget_SimRestoRelevance_food"
            },
            "relevance": {
              "type": "RELEVANCE_TYPE_ON_MENU_RETURN",
              "sectionId": "MENU_RETURN_FOOD"
            }
          }
        },
        {
          "card": {
            "card": {
              "@type": "type.googleapis.com/swiggy.presentation.food.v2.Restaurant",
              "info": {
                "id": "489326",
                "name": "Haji Biryani",
                "cloudinaryImageId": "7ea41c6a857017988f7c71636e113322",
                "locality": "Ward No-22",
                "areaName": "Chinar Park",
                "costForTwo": "₹600 for two",
                "cuisines": [
                  "Biryani"
                ],
                "avgRating": 3.6,
                "parentId": "21818",
                "avgRatingString": "3.6",
                "totalRatingsString": "1.9K+",
                "sla": {
                  "deliveryTime": 41,
                  "lastMileTravel": 8.9,
                  "serviceability": "SERVICEABLE",
                  "slaString": "40-45 mins",
                  "lastMileTravelString": "8.9 km",
                  "iconType": "ICON_TYPE_EMPTY"
                },
                "availability": {
                  "nextCloseTime": "2024-12-04 06:00:00",
                  "opened": true
                },
                "badges": {
  
                },
                "isOpen": true,
                "type": "F",
                "badgesV2": {
                  "entityBadges": {
                    "imageBased": {
  
                    },
                    "textExtendedBadges": {
  
                    },
                    "textBased": {
  
                    }
                  }
                },
                "aggregatedDiscountInfoV3": {
                  "header": "10% OFF",
                  "subHeader": "UPTO ₹40",
                  "logoCtx": {
                    "text": "BENEFITS"
                  }
                },
                "orderabilityCommunication": {
                  "title": {
  
                  },
                  "subTitle": {
  
                  },
                  "message": {
  
                  },
                  "customIcon": {
  
                  },
                  "commsStyling": {
  
                  }
                },
                "differentiatedUi": {
                  "displayType": "ADS_UI_DISPLAY_TYPE_ENUM_DEFAULT",
                  "differentiatedUiMediaDetails": {
                    "mediaType": "ADS_MEDIA_ENUM_IMAGE",
                    "lottie": {
  
                    },
                    "video": {
  
                    }
                  }
                },
                "reviewsSummary": {
  
                },
                "displayType": "RESTAURANT_DISPLAY_TYPE_DEFAULT",
                "restaurantOfferPresentationInfo": {
  
                },
                "externalRatings": {
                  "aggregatedRating": {
                    "rating": "--"
                  }
                },
                "ratingsDisplayPreference": "RATINGS_DISPLAY_PREFERENCE_SHOW_SWIGGY"
              },
              "analytics": {
  
              },
              "cta": {
                "link": "swiggy://menu?restaurant_id=489326&source=collection&query=Biryani",
                "text": "RESTAURANT_MENU",
                "type": "DEEPLINK"
              },
              "widgetId": "collectionV5RestaurantListWidget_SimRestoRelevance_food"
            },
            "relevance": {
              "type": "RELEVANCE_TYPE_ON_MENU_RETURN",
              "sectionId": "MENU_RETURN_FOOD"
            }
          }
        },
        {
          "card": {
            "card": {
              "@type": "type.googleapis.com/swiggy.presentation.food.v2.Restaurant",
              "info": {
                "id": "963673",
                "name": "Southern Spice",
                "cloudinaryImageId": "FOOD_CATALOG/IMAGES/CMS/2024/10/1/90db95bc-e8a1-4ccd-a1b0-aef57afc21c0_a2b4ba2a-2a02-458a-a657-5183acf644f3.jpg",
                "locality": "Saratoga Chatterjee road",
                "areaName": "Lake Town",
                "costForTwo": "₹300 for two",
                "cuisines": [
                  "North Indian",
                  "South Indian",
                  "Chinese"
                ],
                "avgRating": 4.3,
                "parentId": "1347",
                "avgRatingString": "4.3",
                "totalRatingsString": "54",
                "sla": {
                  "deliveryTime": 49,
                  "lastMileTravel": 8.9,
                  "serviceability": "SERVICEABLE",
                  "slaString": "45-50 mins",
                  "lastMileTravelString": "8.9 km",
                  "iconType": "ICON_TYPE_EMPTY"
                },
                "availability": {
                  "nextCloseTime": "2024-12-04 06:59:00",
                  "opened": true
                },
                "badges": {
  
                },
                "isOpen": true,
                "aggregatedDiscountInfoV2": {
  
                },
                "type": "F",
                "badgesV2": {
                  "entityBadges": {
                    "textExtendedBadges": {
  
                    },
                    "textBased": {
  
                    },
                    "imageBased": {
  
                    }
                  }
                },
                "orderabilityCommunication": {
                  "title": {
  
                  },
                  "subTitle": {
  
                  },
                  "message": {
  
                  },
                  "customIcon": {
  
                  },
                  "commsStyling": {
  
                  }
                },
                "differentiatedUi": {
                  "displayType": "ADS_UI_DISPLAY_TYPE_ENUM_DEFAULT",
                  "differentiatedUiMediaDetails": {
                    "mediaType": "ADS_MEDIA_ENUM_IMAGE",
                    "lottie": {
  
                    },
                    "video": {
  
                    }
                  }
                },
                "reviewsSummary": {
  
                },
                "displayType": "RESTAURANT_DISPLAY_TYPE_DEFAULT",
                "isNewlyOnboarded": true,
                "restaurantOfferPresentationInfo": {
  
                },
                "externalRatings": {
                  "aggregatedRating": {
                    "rating": "--"
                  }
                },
                "ratingsDisplayPreference": "RATINGS_DISPLAY_PREFERENCE_SHOW_SWIGGY"
              },
              "analytics": {
  
              },
              "cta": {
                "link": "swiggy://menu?restaurant_id=963673&source=collection&query=Biryani",
                "text": "RESTAURANT_MENU",
                "type": "DEEPLINK"
              },
              "widgetId": "collectionV5RestaurantListWidget_SimRestoRelevance_food"
            },
            "relevance": {
              "type": "RELEVANCE_TYPE_ON_MENU_RETURN",
              "sectionId": "MENU_RETURN_FOOD"
            }
          }
        }
      ],
      "firstOffsetRequest": true,
      "nextFetch": 3
    },
    "tid": "d7ba2087-3314-4323-9506-b2e6a666bb47",
    "sid": "hlh5595c-bab4-4feb-9fda-3b6d51aab23d",
    "deviceId": "ec5ad878-ea10-2cda-4f11-7b55dcb1a9f1",
    "csrfToken": "50ZKvYm9SmWj-KkQuBkFkQp6fVCp7q9f3bfq3r0w"
  }